date,gold,silver,platinum,palladium
2026-09-25,138.335,2.0864,57.164,41.2816
2026-09-26,137.8045,2.0711,57.3248,41.5066
2026-09-27,137.8045,2.0711,57.3248,41.5066
2026-09-28,133.4738,1.982,55.9101,39.674
2026-09-29,133.6699,1.9606,54.592,39.9312
2026-09-30,134.7599,1.9579,55.0099,39.7705
2026-10-01,134.3194,1.9672,55.4279,38.9667
2026-10-02,134.3933,1.9652,55.3314,38.6452
2026-10-03,133.162,1.9459,54.6884,38.3237
2026-10-04,133.162,1.9459,54.6884,38.3237
2026-10-05,133.1395,1.9677,55.3314,38.6452
2026-10-06,134.2358,1.9803,54.817,38.1308
2026-10-07,131.6187,1.9253,52.0842,36.7483
2026-10-08,132.6283,1.9042,52.8237,36.7805
2026-10-09,134.3708,1.9479,54.0133,37.5199
2026-10-10,134.8917,1.9596,54.4955,37.6807
